{
    "loss": 0.08715038746595383,
    "accuracy": 0.9411764740943909
}