{
    "loss": 6.700812339782715,
    "accuracy": 0.4313725531101227
}