{
    "loss": 0.916634738445282,
    "accuracy": 0.843137264251709
}